1;context;15, 45;38;39, 6, 9;262
10;context;160, 161;265, 266a;;
100;context;142, 151, 158;177, 99;;
101;context;102;142;;
102;context;180;101;;158
103;context;149, 267;268, 269;;
104;context;105;144;;
105;context;106, 116, 215, 91;104;;
106;context;273;105, 183, 186, 214, 264, 284, 313, 347, 404, 90;116, 215, 91;403
107;context;118;80;;
108;context;405, 406;69;;
109;context;139;12, 181, 29, 405, 406, 52;;
11;context;132;160, 266b;;
110;context;111;217;236;
111;context;112, 237;110, 236;;
112;context;113, 207, 285;111;237;
113;context;114;112, 237;;
114;context;115, 211;113;;
115;context;212;114, 210, 235;211;
116;context;273;105, 183, 186, 214, 264, 284, 313, 347, 404, 90;106, 215, 91;
117;context;123;78;;14, 253, 384, 8
118;context;119, 121;107;;265, 266a, 33
119;context;120;118;;
12;context;109;123, 14, 38;181, 29, 52;
120;context;130;119, 121;;
121;context;120;118;;
122;context;86;153;;3, 37, 7
123;context;12, 181, 29, 52;117;;
124;context;125, 68;130;;
125;context;127;124;;
126;context;77;74;;
127;context;152, 274, 5, 95;125;;
128;context;131, 133, 156, 171;129, 152, 5, 56, 95;;
129;context;128;274;56;
13;context;3, 37, 7;15;;
130;context;124;120;;
131;context;96;128;156;
132;context;146;11;;
133;context;134;128;;
134;context;135;133;;
135;context;136;134;;
136;context;137;135;;
137;context;138;136;;162, 171
138;context;163;137;;
139;context;140;109;;
14;context;12, 181, 29, 52;208;;117, 253, 384, 8
140;context;153;139;;
141;context;152, 5, 95;146;;
142;context;101;100;;
143;context;144;145;;
144;context;104;143, 148, 155;;173, 184, 185, 212, 283
145;context;143, 182;158, 267;;
146;context;141;132;;
147;context;99;98;;
148;context;144;149;;
149;context;148;103;;
15;context;13;1, 39, 6, 9;;
150;context;151;97;;217, 99
151;context;179, 401;100, 150;;
152;context;128;127, 141, 68;5, 95;
153;context;122, 184, 185, 263;140;;
154;context;155, 159, 172;275;;
155;context;144;154;;
156;context;96;128;131;
157;context;158;171;;178
158;context;145;100, 157;;102
159;context;173;154;172;
16;context;17;4;;
160;context;11;10;;
161;context;266b;10;;
162;context;98;97;;137, 171
163;context;164;138;;
164;context;165;163;;
165;context;166;164;;
166;context;167;165;;
167;context;168;166;;
168;context;169;167;;
169;context;170;168;;
17;context;31;16, 30;;
170;context;178;169;;
171;context;157;128;;137, 162
172;context;173;154;159;
173;context;174;159, 172;;144, 184, 185, 212, 283
174;context;404;173;;
175;context;176;178;;
176;context;177;175;;
177;context;100;176;;
178;context;175;170;;157
179;context;269;151;;
18;context;24;258;19, 23;
180;context;268;102;;
181;context;109;123, 14, 38;12, 29, 52;
182;context;275;145;;
183;context;106, 116, 215, 91;184;;
184;context;183;153;;144, 173, 185, 212, 283
185;context;186;153;;144, 173, 184, 212, 283
186;context;106, 116, 215, 91;185;;
187;context;188;217;;
188;context;189;187;;
189;context;190;188;;
19;context;24;258;18, 23;
190;context;191;189, 207, 285;;
191;context;192;190;;
192;context;193;191;;
193;context;194;192;;
194;context;195;193;;
195;context;196;194;;
196;context;197;195;;
197;context;198;196;;
198;context;199;197;;
199;context;200;198;;
2;context;4, 59;58;35;
20;context;300, 314;;21, 22;
200;context;201;199;;
201;context;202;200;;
202;context;203;201;;
203;context;204;202;;
204;context;205;203;;
205;context;206;204;;
206;context;233;205;;
207;context;190;112, 237;285;
208;context;14, 209, 218, 258, 66, 8;298;;
209;context;210;208;;234, 275
21;context;300, 314;;20, 22;
210;context;115, 211;209;;
211;context;212;114, 210, 235;115;
212;context;213;115, 211;;144, 173, 184, 185, 283
213;context;214;212;;
214;context;106, 116, 215, 91;213;;
215;context;273;105, 183, 186, 214, 264, 284, 313, 347, 404, 90;106, 116, 91;
216;context;217;286;;341, 354, 383
217;context;110, 187, 236;216;;150, 99
218;context;219;208;;395
219;context;220;218;;
22;context;300, 314;;20, 21;
220;context;221;219;;
221;context;222;220;;
222;context;223;221;;
223;context;224;222;;
224;context;225;223;;
225;context;226;224;;
226;context;227;225;;
227;context;228;226;;
228;context;229;227;;
229;context;230;228;;
23;context;24;258;18, 19;
230;context;231;229;;
231;context;232;230;;
232;context;286;231;;
233;context;234;206;;
234;context;235;233;;209, 275
235;context;115, 211;234;;
236;context;111;217;110;
237;context;113, 207, 285;111;112;
238;context;316, 318;243, 333;334;
239;context;240;316, 356;;
24;context;25;18, 19, 23;;
240;context;309;239;;
241;context;242;309;;
242;context;317, 357;241;;
243;context;238, 244, 334;251, 363;;
244;context;245;243;;319
245;context;246;244;;
246;context;317;245;;
247;context;248, 328;301;;
248;context;302, 329;247, 327;328;
249;context;303;302;;
25;context;65, 70;24;;
250;context;251, 363;308, 315;;
251;context;243;250;363;
252;context;301;253, 384;;
253;context;252, 322, 367;366;;117, 14, 384, 8
254;context;366;255;;
255;context;254;256, 321;;
256;context;255;399;321;
257;context;399;287;320;
258;context;18, 19, 23;208, 259;;
259;context;258;298;;
26;context;44;298;;
260;context;3, 37, 7;261;;
261;context;260;262;;
262;context;261;263;;1
263;context;262;153;;
264;context;106, 116, 215, 91;402;;
265;context;10;3, 37, 7;;118, 266a, 33
266a;context;10;3, 37, 7;;118, 265, 33
266b;context;11;161;;
267;context;145;103;;
268;context;103;180;;
269;context;103;179;;
27;context;61;298;;28, 44, 85
270;context;271;3, 37, 7;;
271;context;272;270;;331, 371
272;context;4;271;;
273;context;;106, 116, 215, 403, 91;;
274;context;129, 56;127, 43, 55;;
275;context;154;182;;209, 234
276;context;33;32;;
277;context;43;42;;
278;context;82;298;;
279;context;280;77;;405, 406, 78
28;context;61;298;;27, 44, 85
280;context;281;279;;
281;context;282;280;;
282;context;400;281;;
283;context;284;400;;144, 173, 184, 185, 212
284;context;106, 116, 215, 91;283;;
285;context;190;112, 237;207;
286;context;216, 383;232;;
287;context;257, 320;288;;
288;context;287;289;;
289;context;288;290;;
29;context;109;123, 14, 38;12, 181, 52;
290;context;289;291;;
291;context;290;292;;
292;context;291;293;;
293;context;292;294;;
294;context;293;295;;
295;context;294;296;;
296;context;295;297;;
297;context;296;298;;
298;context;208, 259, 26, 27, 278, 28, 297;299;;
299;context;298;300;;
3;context;265, 266a, 270, 57;13, 260, 45;;122, 37, 7
30;context;17;4;;
300;context;299;20, 21, 22;;
301;context;247, 368;252, 367;;
302;context;249;248, 328;;
303;context;304;249;;
304;context;305;303;;
305;context;306;304;;
306;context;307;305;;314
307;context;308;306;;
308;context;250;307;;
309;context;241;240;;
31;context;32;17;;
310;context;311, 344, 390;355, 360, 365, 383;343, 361;
311;context;312;310, 343, 361;;
312;context;313;311;;
313;context;106, 116, 215, 91;312;;
314;context;315;20, 21, 22;;306
315;context;250;314;;
316;context;239;238, 334;;
317;context;403;242, 246;;
318;context;319;238, 334;;
319;context;335, 362;318;;244
32;context;276;31;;
320;context;399;287;257;
321;context;255;399;256;
322;context;323;253, 384;;
323;context;324;322;;
324;context;325;323;;
325;context;326, 371, 393;324, 370;;
326;context;327;325;;
327;context;248, 328, 348;326;;
328;context;302, 329;247, 327;248;
329;context;330;248, 328;;
33;context;34;276;;118, 265, 266a
330;context;331;329;;
331;context;332;330;;271, 371
332;context;333;331;;
333;context;238, 334;332;;
334;context;316, 318;243, 333;238;
335;context;349, 356;319, 348;362;
336;context;337, 364, 394;350;;
337;context;338, 351;336;;359, 378, 385
338;context;339;337;;
339;context;340;338;;
34;context;40;33;;66
340;context;388;339, 364, 387;;
341;context;342;389;;216, 354, 383
342;context;365;341;;
343;context;311, 344, 390;355, 360, 365, 383;310, 361;
344;context;345;310, 343, 361;;
345;context;346;344;;
346;context;347;345;;
347;context;106, 116, 215, 91;346;;
348;context;335, 362;327;;
349;context;350;335, 362;;
35;context;4, 59;58;2;
350;context;336;349;;
351;context;352;337;;
352;context;353;351;;
353;context;354;352;;
354;context;355;353;;216, 341, 383
355;context;310, 343, 361;354;;
356;context;239;335, 362;;
357;context;358;242;;
358;context;359;357;;
359;context;360;358;;337, 378, 385
36;context;46;66;;
360;context;310, 343, 361;359;;
361;context;311, 344, 390;355, 360, 365, 383;310, 343;
362;context;349, 356;319, 348;335;
363;context;243;250;251;
364;context;340;336;;
365;context;310, 343, 361;342;;
366;context;253, 384;254;;
367;context;301;253, 384;;
368;context;369;301;;
369;context;370;368;;
37;context;265, 266a, 270, 57;13, 260, 45;;122, 3, 7
370;context;325;369;;
371;context;372;325;;271, 331
372;context;373;371;;
373;context;374;372;;
374;context;375;373;;
375;context;376;374;;
376;context;377;375;;
377;context;378;376;;
378;context;379;377;;337, 359, 385
379;context;380;378;;
38;context;1, 12, 181, 29, 39, 52, 6, 9;8;;
380;context;381;379;;
381;context;382;380;;
382;context;383;381;;
383;context;310, 343, 361;286, 382;;216, 341, 354
384;context;252, 322, 367;366;;117, 14, 253, 8
385;context;386;397;;337, 359, 378
386;context;387;385;;
387;context;340;386;;
388;context;389;340;;
389;context;341;388;;
39;context;15, 45;38;1, 6, 9;
390;context;391;310, 343, 361;;
391;context;398;390;;
392;context;403;398;;
393;context;394;325;;
394;context;395;336, 393;;
395;context;396;394;;218
396;context;397;395;;
397;context;385;396;;
398;context;392;391;;
399;context;256, 321;257, 320;;
4;context;16, 30;2, 272, 35;;64
40;context;41;34;;
400;context;283;282;;
401;context;402;151;;
402;context;264;401;;
403;context;273;317, 392;;106
404;context;106, 116, 215, 91;174;;
405;context;109;108;;279, 406, 78
406;context;109;108;;279, 405, 78
41;context;42;40;;
42;context;277;41;;
43;context;274;277;;
44;context;63;26;;27, 28, 85
45;context;3, 37, 7;1, 39, 6, 9;;
46;context;47;36;;
47;context;48;46;;
48;context;49;47;;
49;context;50;48;;
5;context;128;127, 141, 68;152, 95;
50;context;51;49;;
51;context;53;50;;
52;context;109;123, 14, 38;12, 181, 29;
53;context;54;51;;
54;context;55;53;;
55;context;274;54;;
56;context;128;274;129;
57;context;58;3, 37, 7;;
58;context;2, 35;57;;
59;context;60;2, 35;;
6;context;15, 45;38;1, 39, 9;
60;context;64;59;;
61;context;65, 70, 72;27, 28, 62, 63;;
62;context;61;85;;
63;context;61;44;;
64;context;67;60;;4
65;context;73;25, 61;70;
66;context;36;208;;34
67;context;71;64;;
68;context;152, 5, 95;124;;
69;context;108, 79;76, 77;;
7;context;265, 266a, 270, 57;13, 260, 45;;122, 3, 37
70;context;73;25, 61;65;
71;context;81;67;;
72;context;73;61;;
73;context;74;65, 70, 72;;
74;context;126, 75;73;;
75;context;76;74;;
76;context;69;75;;
77;context;279, 69;126;;
78;context;117;79;;279, 405, 406
79;context;78;69;;
8;context;38;208;;117, 14, 253, 384
80;context;107;81;;
81;context;80;71;;
82;context;83, 84;278;;
83;context;85;82;84;
84;context;85;82;83;
85;context;62;83, 84;;27, 28, 44
86;context;92;122;;
87;context;88;93;;
88;context;89;87;;
89;context;90;88;;
9;context;15, 45;38;1, 39, 6;
90;context;106, 116, 215, 91;89;;
91;context;273;105, 183, 186, 214, 264, 284, 313, 347, 404, 90;106, 116, 215;
92;context;94;86;;
93;context;87;94;;
94;context;93;92;;
95;context;128;127, 141, 68;152, 5;
96;context;97;131, 156;;
97;context;150, 162;96;;
98;context;147;162;;
99;context;100;147;;150, 217
